,year,month,avg_temp
year,1.0,-0.004188114055432061,0.8188603031050273
month,-0.004188114055432061,1.0,0.01592928284367541
avg_temp,0.8188603031050273,0.01592928284367541,1.0
